end_of_month_period;company_code;plant;plant_description;ean_code;product_code_or_active_code_in_supersession_chain;product_mm_status;FlagExcess6months;FlagExcess12months;FlagObsolete;slow_moving_calculated_qty_6months;slow_moving_calculated_qty_12months;StockToAllocate;AvailableStock
31/05/2025;504A;OAAA;AFM FR - VEMARS;3054080063780;A5742754;50;0;0;1;0;0;25998;8610
31/05/2025;504A;OAAB;AFM FR - SPI;3054080063780;A5742754;50;0;0;1;0;0;32340;23148
31/05/2025;504A;OAAG;AFM FR - BSL ecom;3054080063780;A5742754;50;0;0;1;0;0;109;198
31/05/2025;504A;OAAA;AFM FR - VEMARS;3600520756509;A2184230;80;0;0;1;0;0;636;120
31/05/2025;504A;OAAB;AFM FR - SPI;3600520756509;A2184230;80;0;0;1;0;0;72;216
31/05/2025;504A;OAAA;AFM FR - VEMARS;3600522105992;A7480315;70;0;0;1;0;0;96;2754
31/05/2025;504A;OAAB;AFM FR - SPI;3600522105992;A7480315;70;0;0;1;0;0;22638;19554
31/05/2025;504A;OAAG;AFM FR - BSL ecom;3600522105992;A7480315;50;0;0;1;0;0;196;121
31/05/2025;504A;OAAA;AFM FR - VEMARS;3600523755721;A9892203;80;0;0;1;0;0;960;876
31/05/2025;504A;OAAB;AFM FR - SPI;3600523755721;A9892203;80;0;0;1;0;0;1140;1050
31/05/2025;504A;OAAG;AFM FR - BSL ecom;3600523755721;A9892203;70;0;0;1;0;0;121;106
31/05/2025;504A;OAAA;AFM FR - VEMARS;3600524098568;AA638200;80;0;0;1;0;0;41399;36552
31/05/2025;504A;OAAB;AFM FR - SPI;3600524098568;AA638200;80;0;0;1;0;0;1140;2136
31/05/2025;504A;OAAG;AFM FR - BSL ecom;3600524098568;AA638200;50;0;0;1;0;0;96;227
31/05/2025;504A;OAAA;AFM FR - VEMARS;3600524098681;AA639400;80;0;0;1;0;0;276;
31/05/2025;504A;OAAB;AFM FR - SPI;3600524098681;AA639400;80;0;0;1;0;0;282;180
31/05/2025;504A;OAAG;AFM FR - BSL ecom;3600524098681;AA639400;50;0;0;1;0;0;10;16
31/05/2025;504A;OAAA;AFM FR - VEMARS;3600524098698;AA639500;80;0;0;1;0;0;47508;336
31/05/2025;504A;OAAB;AFM FR - SPI;3600524098698;AA639500;80;0;0;1;0;0;780;96
31/05/2025;504A;OAAG;AFM FR - BSL ecom;3600524098698;AA639500;70;0;0;1;0;0;34;12
31/05/2025;504A;OAAA;AFM FR - VEMARS;3600524102982;AA654800;80;0;0;1;0;0;60;0
31/05/2025;504A;OAAB;AFM FR - SPI;3600524102982;AA654800;80;0;0;1;0;0;36;
31/05/2025;504A;OAAG;AFM FR - BSL ecom;3600524102982;AA654800;70;0;0;1;0;0;76;6
31/05/2025;504A;OAAA;AFM FR - VEMARS;3600524143619;AA831200;80;0;0;1;0;0;4290;3246
31/05/2025;504A;OAAB;AFM FR - SPI;3600524143619;AA831200;80;0;0;1;0;0;1032;1614
31/05/2025;504A;OAAB;AFM FR - SPI;3600541426078;C5341859;50;0;0;1;0;0;8087;8100
31/05/2025;504A;OAAC;AFM FR - ESSIGNY;3600541426078;C5341859;50;1;0;0;4960;-25342;4960;2352
31/05/2025;504A;OAAA;AFM FR - VEMARS;3600542120487;C5986403;50;0;0;1;0;0;26346;21576
31/05/2025;504A;OAAB;AFM FR - SPI;3600542120487;C5986403;50;0;0;1;0;0;8952;7230
31/05/2025;504A;OAAB;AFM FR - SPI;3600542298407;C6363202;65;0;0;1;0;0;1445;
31/05/2025;504A;OAAC;AFM FR - ESSIGNY;3600542298407;C6363202;65;1;0;0;3008;-33820;3008;
31/05/2025;504A;OAAA;AFM FR - VEMARS;3600542383523;C6482802;80;0;0;1;0;0;12560;11180
31/05/2025;504A;OAAB;AFM FR - SPI;3600542383523;C6482802;80;1;1;0;2660;2660;2660;10260
31/05/2025;504A;OAAG;AFM FR - BSL ecom;3600542383523;C6482802;50;0;0;1;0;0;189;234
31/05/2025;504A;OAAA;AFM FR - VEMARS;3600542417846;C6584100;80;0;0;1;0;0;192;0
31/05/2025;504A;OAAB;AFM FR - SPI;3600542417846;C6584101;80;0;0;1;0;0;120;
31/05/2025;504A;OAAG;AFM FR - BSL ecom;3600542417846;C6584101;70;0;0;1;0;0;56;23
31/05/2025;504A;OAAA;AFM FR - VEMARS;3600542441643;C6644301;80;0;0;1;0;0;144;
31/05/2025;504A;OAAB;AFM FR - SPI;3600542441643;C6644301;80;0;0;1;0;0;108;
31/05/2025;504A;OAAB;AFM FR - SPI;3600542444224;C6660701;70;0;0;1;0;0;4698;228
31/05/2025;504A;OAAB;AFM FR - SPI;3600542450645;C6684403;50;0;0;1;0;0;2685;2508
31/05/2025;504A;OAAC;AFM FR - ESSIGNY;3600542450645;C6684403;50;1;0;0;5332;-20354;5332;4068
31/05/2025;504A;OAAB;AFM FR - SPI;3600542453516;C6705403;65;0;0;1;0;0;9274;9072
31/05/2025;504A;OAAC;AFM FR - ESSIGNY;3600542453516;C6705403;65;1;0;0;19898;-15772;19898;16050
31/05/2025;504A;OAAB;AFM FR - SPI;3600542453769;C6706101;50;0;0;1;0;0;457;1548
31/05/2025;504A;OAAC;AFM FR - ESSIGNY;3600542453769;C6706101;50;1;0;0;4916;-50176;4916;2496
31/05/2025;504A;OAAA;AFM FR - VEMARS;3600550041347;D0980407;50;0;0;1;0;0;11940;6024
31/05/2025;504A;OAAB;AFM FR - SPI;3600550041347;D0980407;50;1;1;0;6028;6028;6028;3600
31/05/2025;504A;OAAG;AFM FR - BSL ecom;3600550041347;D0980407;50;0;0;1;0;0;14;
31/05/2025;504A;OAAA;AFM FR - VEMARS;3600550817584;D0790622;50;0;0;1;0;0;155136;89796
31/05/2025;504A;OAAB;AFM FR - SPI;3600550817584;D0790622;50;1;1;0;96783;96783;96783;41595
31/05/2025;504A;OAAG;AFM FR - BSL ecom;3600550817584;D0790622;50;0;0;1;0;0;168;113
31/05/2025;504A;OAAA;AFM FR - VEMARS;3600551053677;D3742500;50;0;0;1;0;0;79704;33288
31/05/2025;504A;OAAB;AFM FR - SPI;3600551053677;D3742500;50;0;0;1;0;0;15408;7560
31/05/2025;504A;OAAG;AFM FR - BSL ecom;3600551053677;D3742500;50;0;0;1;0;0;12;12
31/05/2025;504A;OAAA;AFM FR - VEMARS;3600551053738;D3743100;50;0;0;1;0;0;220351;148812
31/05/2025;504A;OAAB;AFM FR - SPI;3600551053738;D3743100;50;1;1;0;18108;18108;18108;30084
31/05/2025;504A;OAAG;AFM FR - BSL ecom;3600551053738;D3743100;50;0;0;1;0;0;241;245
31/05/2025;504A;OAAA;AFM FR - VEMARS;3600551053745;D3743200;50;0;0;1;0;0;145225;98412
31/05/2025;504A;OAAB;AFM FR - SPI;3600551053745;D3743200;50;1;1;0;200212;200212;200212;156864
31/05/2025;504A;OAAG;AFM FR - BSL ecom;3600551053745;D3743200;50;0;0;1;0;0;346;226
31/05/2025;504A;OAAA;AFM FR - VEMARS;3600551053752;D3743300;50;0;0;1;0;0;255187;204432
31/05/2025;504A;OAAB;AFM FR - SPI;3600551053752;D3743300;50;1;1;0;310428;310428;310428;264776
31/05/2025;504A;OAAG;AFM FR - BSL ecom;3600551053752;D3743300;50;0;0;1;0;0;490;460
31/05/2025;504A;OAAA;AFM FR - VEMARS;3600551053769;D3743400;50;0;0;1;0;0;62136;36648
31/05/2025;504A;OAAB;AFM FR - SPI;3600551053769;D3743400;50;0;0;1;0;0;67944;43872
31/05/2025;504A;OAAA;AFM FR - VEMARS;3600551053806;D3743800;50;0;0;1;0;0;12168;11928
31/05/2025;504A;OAAB;AFM FR - SPI;3600551053806;D3743800;50;0;0;1;0;0;78816;54684
31/05/2025;504A;OAAG;AFM FR - BSL ecom;3600551053806;D3743800;50;0;0;1;0;0;272;132
31/05/2025;504A;OAAA;AFM FR - VEMARS;3600551055015;D3753200;50;0;0;1;0;0;75420;47604
31/05/2025;504A;OAAB;AFM FR - SPI;3600551055015;D3753200;50;0;0;1;0;0;103572;82368
31/05/2025;504A;OAAG;AFM FR - BSL ecom;3600551055015;D3753200;50;0;0;1;0;0;292;167
31/05/2025;504A;OAAA;AFM FR - VEMARS;3600551067353;D3777200;50;1;0;0;33588;-294;33588;31758
31/05/2025;504A;OAAB;AFM FR - SPI;3600551067353;D3777200;50;0;0;1;0;0;22277;22128
31/05/2025;504A;OAAA;AFM FR - VEMARS;3600551068459;D3782001;50;1;0;0;4281;-79959;4281;1218
31/05/2025;504A;OAAB;AFM FR - SPI;3600551068459;D3782001;50;0;0;1;0;0;9988;7878
31/05/2025;504A;OAAG;AFM FR - BSL ecom;3600551068459;D3782001;50;0;0;1;0;0;94;2
31/05/2025;504A;OAAA;AFM FR - VEMARS;3600551069548;D3786200;50;0;0;1;0;0;64656;53052
31/05/2025;504A;OAAB;AFM FR - SPI;3600551069548;D3786200;50;0;0;1;0;0;39852;32808
31/05/2025;504A;OAAA;AFM FR - VEMARS;3600551071183;D3789701;50;0;0;1;0;0;98892;73188
31/05/2025;504A;OAAB;AFM FR - SPI;3600551071183;D3789701;50;0;0;1;0;0;87900;75708
31/05/2025;504A;OAAA;AFM FR - VEMARS;3600551102993;D3811200;50;0;0;1;0;0;20988;18876
31/05/2025;504A;OAAB;AFM FR - SPI;3600551102993;D3811200;50;0;0;1;0;0;60432;60300
31/05/2025;504A;OAAG;AFM FR - BSL ecom;3600551102993;D3811200;50;0;0;1;0;0;57;33
31/05/2025;504A;OAAA;AFM FR - VEMARS;3600551119854;D3844700;50;1;1;0;27968;27968;27968;21612
31/05/2025;504A;OAAB;AFM FR - SPI;3600551119854;D3844700;50;0;0;1;0;0;13622;10560
31/05/2025;504A;OAAG;AFM FR - BSL ecom;3600551119854;D3844700;50;0;0;1;0;0;46;33
31/05/2025;504A;OAAA;AFM FR - VEMARS;3600551125336;D3852800;50;1;0;1;5396;-33970;5399;2890
31/05/2025;504A;OAAB;AFM FR - SPI;3600551125336;D3852800;50;0;0;1;0;0;461;1290
31/05/2025;504A;OAAG;AFM FR - BSL ecom;3600551125336;D3852800;50;0;0;1;0;0;158;175
31/05/2025;504A;OAAA;AFM FR - VEMARS;3600551142128;D3898400;50;0;0;1;0;0;279612;158544
31/05/2025;504A;OAAB;AFM FR - SPI;3600551142128;D3898400;50;0;0;1;0;0;124920;51936
31/05/2025;504A;OAAG;AFM FR - BSL ecom;3600551142128;D3898400;50;0;0;1;0;0;200;213
31/05/2025;504A;OAAA;AFM FR - VEMARS;3600551142197;D3899100;50;0;0;1;0;0;173704;95500
31/05/2025;504A;OAAB;AFM FR - SPI;3600551142197;D3899100;50;0;0;1;0;0;57096;33828
31/05/2025;504A;OAAG;AFM FR - BSL ecom;3600551142197;D3899100;50;0;0;1;0;0;100;159
31/05/2025;504A;OAAA;AFM FR - VEMARS;3600551142210;D3899301;50;0;0;1;0;0;45564;12252
31/05/2025;504A;OAAB;AFM FR - SPI;3600551142210;D3899301;50;0;0;1;0;0;80472;51792
31/05/2025;504A;OAAG;AFM FR - BSL ecom;3600551142210;D3899301;50;0;0;1;0;0;90;71
31/05/2025;504A;OAAA;AFM FR - VEMARS;3600551142227;D3899401;50;0;0;1;0;0;45204;21012
31/05/2025;504A;OAAB;AFM FR - SPI;3600551142227;D3899401;50;0;0;1;0;0;105792;83952
31/05/2025;504A;OAAG;AFM FR - BSL ecom;3600551142227;D3899401;50;0;0;1;0;0;68;57