store_code;year_week;barcode;sap_code;source_code;total_items_weekly
A90;2025-22;3054080063780;ZFR26373;A1796703;8
A90;2025-23;3054080063780;ZFR26373;A1796703;24
A90;2025-24;3054080063780;ZFR26373;A1796703;6
A90;2025-22;3600520756509;A2184230;A2184221;11
A90;2025-23;3600520756509;A2184230;A2184221;23
A90;2025-24;3600520756509;A2184230;A2184221;8
A90;2025-22;3600522105992;A7480315;A6150801;5
A90;2025-23;3600522105992;A7480315;A6150801;13
A90;2025-24;3600522105992;A7480315;A6150801;2
A90;2025-22;3600523755721;ZFR36801;A9892202;9
A90;2025-23;3600523755721;ZFR36801;A9892202;11
A90;2025-24;3600523755721;ZFR36801;A9892202;2
A90;2025-22;3600524098568;AA638200;3600520000000;7
A90;2025-23;3600524098568;AA638200;3600520000000;10
A90;2025-24;3600524098568;AA638200;3600520000000;2
A90;2025-22;3600524098681;AA639400;3600520000000;8
A90;2025-23;3600524098681;AA639400;3600520000000;9
A90;2025-22;3600524102982;AA654800;3600520000000;6
A90;2025-23;3600524102982;AA654800;3600520000000;5
A90;2025-22;3600541426078;XFR26602;C5341801;4
A90;2025-23;3600541426078;XFR26602;C5341801;2
A90;2025-24;3600541426078;XFR26602;C5341801;3
A90;2025-22;3600542120487;C5986403;C5986400;6
A90;2025-23;3600542120487;C5986403;C5986400;11
A90;2025-24;3600542120487;C5986403;C5986400;1
A90;2025-22;3600542298407;XFR26621;C6363200;8
A90;2025-23;3600542298407;XFR26621;C6363200;20
A90;2025-24;3600542298407;XFR26621;C6363200;3
A90;2025-22;3600542383523;C6482802;3600540000000;7
A90;2025-23;3600542383523;C6482802;3600540000000;15
A90;2025-24;3600542383523;C6482802;3600540000000;4
A90;2025-22;3600542444224;C6660702;C6660700;2
A90;2025-23;3600542444224;C6660702;C6660700;3
A90;2025-24;3600542444224;C6660702;C6660700;2
A90;2025-22;3600542450645;XFR26611;XFR25385;1
A90;2025-23;3600542450645;XFR26611;XFR25385;4
A90;2025-24;3600542450645;XFR26611;XFR25385;2
A90;2025-22;3600542453516;XFR26612;XFR25847;1
A90;2025-23;3600542453516;XFR26612;XFR25847;2
A90;2025-24;3600550817584;D0790622;D0790619;2
A90;2025-22;3600551067353;WFR28693;3600550000000;2
A90;2025-23;3600551067353;WFR28693;3600550000000;5
A90;2025-22;3600551068459;WFR28691;D3782001;4
A90;2025-23;3600551068459;WFR28691;D3782001;7
A90;2025-24;3600551068459;WFR28691;D3782001;4
A90;2025-24;3600551102993;WFR27338;3600550000000;1
A90;2025-24;3600551119854;D3844700;3600550000000;3
A90;2025-22;3600551125336;WFR28694;WFR28141;3
A90;2025-23;3600551125336;WFR28694;WFR28141;9
A90;2025-24;3600551125336;WFR28694;WFR28141;2
A90;2025-24;3600551142128;D3898400;3600550000000;2
A90;2025-22;3600551142210;D3899301;3600550000000;6
A90;2025-23;3600551142210;D3899301;3600550000000;7
A90;2025-24;3600551142210;D3899301;3600550000000;2
A90;2025-22;3600551142227;D3899401;3600550000000;4
A90;2025-23;3600551142227;D3899401;3600550000000;2
A90;2025-24;3600551142227;D3899401;3600550000000;1
B10;2025-22;3054080063780;ZFR26373;A1796703;10
B10;2025-23;3054080063780;ZFR26373;A1796703;25
B10;2025-24;3054080063780;ZFR26373;A1796703;5
B10;2025-23;3600520756509;A2184230;A2184221;6
B10;2025-24;3600520756509;A2184230;A2184221;19
B10;2025-22;3600522105992;A7480315;A6150801;23
B10;2025-23;3600522105992;A7480315;A6150801;55
B10;2025-23;3600523755721;ZFR36801;A9892202;2
B10;2025-24;3600523755721;ZFR36801;A9892202;3
B10;2025-22;3600524098568;AA638200;3600520000000;8
B10;2025-23;3600524098568;AA638200;3600520000000;17
B10;2025-24;3600524098568;AA638200;3600520000000;3
B10;2025-22;3600524098681;AA639400;3600520000000;3
B10;2025-23;3600524098681;AA639400;3600520000000;10
B10;2025-24;3600524098681;AA639400;3600520000000;6
B10;2025-22;3600524102982;AA654800;3600520000000;3
B10;2025-23;3600524102982;AA654800;3600520000000;7
B10;2025-24;3600524102982;AA654800;3600520000000;8
B10;2025-23;3600524143619;AA831200;3600520000000;18
B10;2025-24;3600524143619;AA831200;3600520000000;18
B10;2025-23;3600541426078;XFR26602;C5341801;4
B10;2025-24;3600541426078;XFR26602;C5341801;1
B10;2025-24;3600542120487;C5986403;C5986400;6
B10;2025-22;3600542298407;XFR26621;C6363200;3
B10;2025-23;3600542298407;XFR26621;C6363200;15
B10;2025-24;3600542298407;XFR26621;C6363200;9
B10;2025-22;3600542383523;C6482802;3600540000000;10
B10;2025-23;3600542383523;C6482802;3600540000000;10
B10;2025-24;3600542383523;C6482802;3600540000000;8
B10;2025-22;3600542417846;XFR25148;C6584100;1
B10;2025-23;3600542417846;XFR25148;C6584100;10
B10;2025-22;3600542450645;XFR26611;XFR25385;1
B10;2025-23;3600542450645;XFR26611;XFR25385;7
B10;2025-24;3600542450645;XFR26611;XFR25385;2
B10;2025-22;3600542453516;XFR26612;XFR25847;1
B10;2025-23;3600542453516;XFR26612;XFR25847;3
B10;2025-24;3600542453516;XFR26612;XFR25847;1
B10;2025-22;3600550041347;D0980407;D0980400;2
B10;2025-23;3600550041347;D0980407;D0980400;5
B10;2025-24;3600550041347;D0980407;D0980400;4
B10;2025-22;3600550817584;D0790622;D0790619;3
B10;2025-23;3600550817584;D0790622;D0790619;6
B10;2025-24;3600550817584;D0790622;D0790619;7
B10;2025-22;3600551067353;WFR28693;3600550000000;8
B10;2025-23;3600551067353;WFR28693;3600550000000;7
B10;2025-24;3600551067353;WFR28693;3600550000000;2
B10;2025-22;3600551068459;WFR28691;D3782001;5
B10;2025-23;3600551068459;WFR28691;D3782001;9
B10;2025-24;3600551068459;WFR28691;D3782001;12
B10;2025-22;3600551119854;D3844700;3600550000000;1
B10;2025-23;3600551119854;D3844700;3600550000000;8
B10;2025-24;3600551119854;D3844700;3600550000000;5
B10;2025-22;3600551125336;WFR28694;WFR28141;1
B10;2025-23;3600551125336;WFR28694;WFR28141;5
B10;2025-24;3600551125336;WFR28694;WFR28141;2
B10;2025-22;3600551142128;D3898400;3600550000000;9
B10;2025-23;3600551142128;D3898400;3600550000000;20
B10;2025-24;3600551142128;D3898400;3600550000000;1
B10;2025-22;3600551142197;D3899100;3600550000000;4
B10;2025-23;3600551142197;D3899100;3600550000000;6
B10;2025-24;3600551142197;D3899100;3600550000000;9
B10;2025-23;3600551142210;D3899301;3600550000000;14
B10;2025-24;3600551142210;D3899301;3600550000000;13
B10;2025-22;3600551142227;D3899401;3600550000000;6
B10;2025-23;3600551142227;D3899401;3600550000000;32
B10;2025-24;3600551142227;D3899401;3600550000000;16
B20;2025-22;3054080063780;ZFR26373;A1796703;23
B20;2025-23;3054080063780;ZFR26373;A1796703;5
B20;2025-24;3054080063780;ZFR26373;A1796703;20
B20;2025-22;3600520756509;A2184230;A2184221;47
B20;2025-23;3600520756509;A2184230;A2184221;43
B20;2025-24;3600520756509;A2184230;A2184221;27
B20;2025-22;3600522105992;A7480315;A6150801;30
B20;2025-23;3600522105992;A7480315;A6150801;2
B20;2025-22;3600523755721;ZFR36801;A9892202;9
B20;2025-23;3600523755721;ZFR36801;A9892202;8
B20;2025-24;3600523755721;ZFR36801;A9892202;1
B20;2025-22;3600524098568;AA638200;3600520000000;22
B20;2025-23;3600524098568;AA638200;3600520000000;21
B20;2025-24;3600524098568;AA638200;3600520000000;2
B20;2025-22;3600524098681;AA639400;3600520000000;8
B20;2025-23;3600524098681;AA639400;3600520000000;3
B20;2025-22;3600524098698;AA639500;3600520000000;9
B20;2025-23;3600524098698;AA639500;3600520000000;13
B20;2025-24;3600524098698;AA639500;3600520000000;10
B20;2025-22;3600524102982;AA654800;3600520000000;7
B20;2025-23;3600524102982;AA654800;3600520000000;2
B20;2025-22;3600524143619;AA831200;3600520000000;15
B20;2025-23;3600524143619;AA831200;3600520000000;34
B20;2025-24;3600524143619;AA831200;3600520000000;7
B20;2025-22;3600541426078;XFR26602;C5341801;2
B20;2025-23;3600541426078;XFR26602;C5341801;4
B20;2025-24;3600541426078;XFR26602;C5341801;3
B20;2025-22;3600542120487;C5986403;C5986400;24
B20;2025-23;3600542120487;C5986403;C5986400;20
B20;2025-24;3600542120487;C5986403;C5986400;13
B20;2025-22;3600542298407;XFR26621;C6363200;15
B20;2025-23;3600542298407;XFR26621;C6363200;7
B20;2025-24;3600542298407;XFR26621;C6363200;3
B20;2025-22;3600542383523;C6482802;3600540000000;19
B20;2025-23;3600542383523;C6482802;3600540000000;27
B20;2025-24;3600542383523;C6482802;3600540000000;20
B20;2025-22;3600542417846;XFR25148;C6584100;5
B20;2025-22;3600542444224;C6660702;C6660700;2
B20;2025-23;3600542444224;C6660702;C6660700;4
B20;2025-22;3600542450645;XFR26611;XFR25385;8
B20;2025-23;3600542450645;XFR26611;XFR25385;17
B20;2025-24;3600542450645;XFR26611;XFR25385;10
B20;2025-22;3600542453516;XFR26612;XFR25847;3
B20;2025-23;3600542453516;XFR26612;XFR25847;3
B20;2025-24;3600542453516;XFR26612;XFR25847;2
B20;2025-22;3600550041347;D0980407;D0980400;1
B20;2025-23;3600550041347;D0980407;D0980400;2
B20;2025-24;3600550041347;D0980407;D0980400;1
B20;2025-22;3600550817584;D0790622;D0790619;7
B20;2025-23;3600550817584;D0790622;D0790619;15
B20;2025-24;3600550817584;D0790622;D0790619;15
B20;2025-22;3600551067353;WFR28693;3600550000000;5
B20;2025-23;3600551067353;WFR28693;3600550000000;7
B20;2025-24;3600551067353;WFR28693;3600550000000;3
B20;2025-22;3600551068459;WFR28691;D3782001;10
B20;2025-23;3600551068459;WFR28691;D3782001;14
B20;2025-22;3600551119854;D3844700;3600550000000;6
B20;2025-23;3600551119854;D3844700;3600550000000;13
B20;2025-24;3600551119854;D3844700;3600550000000;5
B20;2025-22;3600551125336;WFR28694;WFR28141;4
B20;2025-23;3600551125336;WFR28694;WFR28141;3
B20;2025-24;3600551125336;WFR28694;WFR28141;4
B20;2025-22;3600551142227;D3899401;3600550000000;6
B20;2025-23;3600551142227;D3899401;3600550000000;6
B20;2025-24;3600551142227;D3899401;3600550000000;2
B30;2025-22;3054080063780;ZFR26373;A1796703;23
B30;2025-23;3054080063780;ZFR26373;A1796703;56
B30;2025-24;3054080063780;ZFR26373;A1796703;29
B30;2025-22;3600520756509;A2184230;A2184221;28
B30;2025-23;3600520756509;A2184230;A2184221;49
B30;2025-24;3600520756509;A2184230;A2184221;26
B30;2025-22;3600522105992;A7480315;A6150801;27
B30;2025-23;3600522105992;A7480315;A6150801;24
B30;2025-24;3600522105992;A7480315;A6150801;22
B30;2025-22;3600523755721;ZFR36801;A9892202;1
B30;2025-23;3600523755721;ZFR36801;A9892202;23
B30;2025-24;3600523755721;ZFR36801;A9892202;7
B30;2025-22;3600524098568;AA638200;3600520000000;36
B30;2025-23;3600524098568;AA638200;3600520000000;58
B30;2025-24;3600524098568;AA638200;3600520000000;5
B30;2025-22;3600524098681;AA639400;3600520000000;13
B30;2025-23;3600524098681;AA639400;3600520000000;6
B30;2025-24;3600524098681;AA639400;3600520000000;2
B30;2025-22;3600524143619;AA831200;3600520000000;23
B30;2025-23;3600524143619;AA831200;3600520000000;34
B30;2025-24;3600524143619;AA831200;3600520000000;8
B30;2025-22;3600541426078;XFR26602;C5341801;3
B30;2025-23;3600541426078;XFR26602;C5341801;7
B30;2025-24;3600541426078;XFR26602;C5341801;2
B30;2025-22;3600542120487;C5986403;C5986400;34
B30;2025-23;3600542120487;C5986403;C5986400;46
B30;2025-24;3600542120487;C5986403;C5986400;6
B30;2025-22;3600542298407;XFR26621;C6363200;31
B30;2025-23;3600542298407;XFR26621;C6363200;53
B30;2025-24;3600542298407;XFR26621;C6363200;17
B30;2025-22;3600542383523;C6482802;3600540000000;28
B30;2025-23;3600542383523;C6482802;3600540000000;27
B30;2025-24;3600542383523;C6482802;3600540000000;14
B30;2025-22;3600542450645;XFR26611;XFR25385;4
B30;2025-23;3600542450645;XFR26611;XFR25385;16
B30;2025-24;3600542450645;XFR26611;XFR25385;5
B30;2025-22;3600542453516;XFR26612;XFR25847;3
B30;2025-23;3600542453516;XFR26612;XFR25847;15
B30;2025-24;3600542453516;XFR26612;XFR25847;4
B30;2025-23;3600550041347;D0980407;D0980400;4
B30;2025-24;3600550041347;D0980407;D0980400;3
B30;2025-22;3600550817584;D0790622;D0790619;8
B30;2025-23;3600550817584;D0790622;D0790619;23
B30;2025-24;3600550817584;D0790622;D0790619;8
B30;2025-22;3600551067353;WFR28693;3600550000000;1
B30;2025-23;3600551067353;WFR28693;3600550000000;7
B30;2025-24;3600551067353;WFR28693;3600550000000;1
B30;2025-22;3600551068459;WFR28691;D3782001;9
B30;2025-23;3600551068459;WFR28691;D3782001;31
B30;2025-24;3600551068459;WFR28691;D3782001;17
B30;2025-22;3600551119854;D3844700;3600550000000;10
B30;2025-23;3600551119854;D3844700;3600550000000;11
B30;2025-24;3600551119854;D3844700;3600550000000;8
B30;2025-22;3600551125336;WFR28694;WFR28141;5
B30;2025-23;3600551125336;WFR28694;WFR28141;8
B30;2025-24;3600551125336;WFR28694;WFR28141;3
B30;2025-22;3600551142227;D3899401;3600550000000;9
B30;2025-23;3600551142227;D3899401;3600550000000;32
B30;2025-24;3600551142227;D3899401;3600550000000;4
B40;2025-22;3054080063780;ZFR26373;A1796703;29
B40;2025-23;3054080063780;ZFR26373;A1796703;25
B40;2025-24;3054080063780;ZFR26373;A1796703;15
B40;2025-22;3600520756509;A2184230;A2184221;10
B40;2025-23;3600520756509;A2184230;A2184221;28
B40;2025-24;3600520756509;A2184230;A2184221;19
B40;2025-22;3600522105992;A7480315;A6150801;7
B40;2025-23;3600522105992;A7480315;A6150801;33
B40;2025-24;3600522105992;A7480315;A6150801;36
B40;2025-22;3600523755721;ZFR36801;A9892202;7
B40;2025-23;3600523755721;ZFR36801;A9892202;14
B40;2025-24;3600523755721;ZFR36801;A9892202;4
B40;2025-22;3600524098568;AA638200;3600520000000;3
B40;2025-23;3600524098568;AA638200;3600520000000;23
B40;2025-24;3600524098568;AA638200;3600520000000;20
B40;2025-22;3600524098681;AA639400;3600520000000;3
B40;2025-23;3600524098681;AA639400;3600520000000;7
B40;2025-22;3600524102982;AA654800;3600520000000;6
B40;2025-22;3600524143619;AA831200;3600520000000;2
B40;2025-23;3600524143619;AA831200;3600520000000;21
B40;2025-24;3600524143619;AA831200;3600520000000;10
B40;2025-24;3600541426078;XFR26602;C5341801;1
B40;2025-24;3600542120487;C5986403;C5986400;10
B40;2025-22;3600542298407;XFR26621;C6363200;14
B40;2025-23;3600542298407;XFR26621;C6363200;11
B40;2025-24;3600542298407;XFR26621;C6363200;4
B40;2025-22;3600542383523;C6482802;3600540000000;19
B40;2025-23;3600542383523;C6482802;3600540000000;6
B40;2025-24;3600542383523;C6482802;3600540000000;10
B40;2025-22;3600542450645;XFR26611;XFR25385;2
B40;2025-23;3600542450645;XFR26611;XFR25385;3
B40;2025-24;3600542450645;XFR26611;XFR25385;5
B40;2025-22;3600542453516;XFR26612;XFR25847;2
B40;2025-23;3600542453516;XFR26612;XFR25847;7
B40;2025-24;3600542453516;XFR26612;XFR25847;0
B40;2025-22;3600550041347;D0980407;D0980400;3
B40;2025-23;3600550041347;D0980407;D0980400;4
B40;2025-24;3600550041347;D0980407;D0980400;3
B40;2025-22;3600550817584;D0790622;D0790619;5
B40;2025-23;3600550817584;D0790622;D0790619;18
B40;2025-24;3600550817584;D0790622;D0790619;14
B40;2025-22;3600551067353;WFR28693;3600550000000;1
B40;2025-23;3600551067353;WFR28693;3600550000000;1
B40;2025-24;3600551067353;WFR28693;3600550000000;3
B40;2025-22;3600551068459;WFR28691;D3782001;7
B40;2025-23;3600551068459;WFR28691;D3782001;16
B40;2025-24;3600551068459;WFR28691;D3782001;11
B40;2025-22;3600551119854;D3844700;3600550000000;5
B40;2025-23;3600551119854;D3844700;3600550000000;18
B40;2025-24;3600551119854;D3844700;3600550000000;8
B40;2025-22;3600551125336;WFR28694;WFR28141;1
B40;2025-23;3600551125336;WFR28694;WFR28141;4
B40;2025-24;3600551125336;WFR28694;WFR28141;1
B40;2025-22;3600551142128;D3898400;3600550000000;6
B40;2025-23;3600551142128;D3898400;3600550000000;25
B40;2025-24;3600551142128;D3898400;3600550000000;4
B40;2025-22;3600551142197;D3899100;3600550000000;5
B40;2025-23;3600551142197;D3899100;3600550000000;14
B40;2025-24;3600551142197;D3899100;3600550000000;6
B40;2025-22;3600551142210;D3899301;3600550000000;6
B40;2025-23;3600551142210;D3899301;3600550000000;28
B40;2025-22;3600551142227;D3899401;3600550000000;5
B40;2025-23;3600551142227;D3899401;3600550000000;30
B40;2025-24;3600551142227;D3899401;3600550000000;21
B50;2025-22;3054080063780;ZFR26373;A1796703;18
B50;2025-23;3054080063780;ZFR26373;A1796703;20
B50;2025-24;3054080063780;ZFR26373;A1796703;7
B50;2025-22;3600520756509;A2184230;A2184221;17
B50;2025-23;3600520756509;A2184230;A2184221;24
B50;2025-24;3600520756509;A2184230;A2184221;8
B50;2025-22;3600522105992;A7480315;A6150801;9
B50;2025-22;3600523755721;ZFR36801;A9892202;6
B50;2025-23;3600523755721;ZFR36801;A9892202;5
B50;2025-22;3600524098568;AA638200;3600520000000;3
B50;2025-23;3600524098568;AA638200;3600520000000;8
B50;2025-24;3600524098568;AA638200;3600520000000;4
B50;2025-23;3600524098681;AA639400;3600520000000;12
B50;2025-22;3600524098698;AA639500;3600520000000;1
B50;2025-22;3600524102982;AA654800;3600520000000;4
B50;2025-23;3600524102982;AA654800;3600520000000;1
B50;2025-23;3600524143619;AA831200;3600520000000;32
B50;2025-24;3600524143619;AA831200;3600520000000;6
B50;2025-22;3600541426078;XFR26602;C5341801;3
B50;2025-23;3600541426078;XFR26602;C5341801;1
B50;2025-24;3600541426078;XFR26602;C5341801;1
B50;2025-22;3600542120487;C5986403;C5986400;13
B50;2025-23;3600542120487;C5986403;C5986400;15
B50;2025-24;3600542120487;C5986403;C5986400;5
B50;2025-22;3600542298407;XFR26621;C6363200;15
B50;2025-23;3600542298407;XFR26621;C6363200;27
B50;2025-24;3600542298407;XFR26621;C6363200;10
B50;2025-22;3600542383523;C6482802;3600540000000;3
B50;2025-22;3600542450645;XFR26611;XFR25385;4
B50;2025-23;3600542450645;XFR26611;XFR25385;2
B50;2025-24;3600542450645;XFR26611;XFR25385;1
B50;2025-22;3600542453516;XFR26612;XFR25847;1
B50;2025-23;3600542453516;XFR26612;XFR25847;4
B50;2025-24;3600542453516;XFR26612;XFR25847;3
B50;2025-24;3600550041347;D0980407;D0980400;1
B50;2025-22;3600550817584;D0790622;D0790619;5
B50;2025-23;3600550817584;D0790622;D0790619;8
B50;2025-24;3600550817584;D0790622;D0790619;3
B50;2025-22;3600551067353;WFR28693;3600550000000;7
B50;2025-23;3600551067353;WFR28693;3600550000000;5
B50;2025-24;3600551067353;WFR28693;3600550000000;1
B50;2025-22;3600551068459;WFR28691;D3782001;6
B50;2025-23;3600551068459;WFR28691;D3782001;16
B50;2025-24;3600551068459;WFR28691;D3782001;5
B50;2025-22;3600551119854;D3844700;3600550000000;4
B50;2025-23;3600551119854;D3844700;3600550000000;5
B50;2025-24;3600551119854;D3844700;3600550000000;2
B50;2025-22;3600551125336;WFR28694;WFR28141;8
B50;2025-23;3600551125336;WFR28694;WFR28141;6
B50;2025-22;3600551142128;D3898400;3600550000000;9
B50;2025-23;3600551142128;D3898400;3600550000000;23
B50;2025-24;3600551142128;D3898400;3600550000000;1
B50;2025-22;3600551142197;D3899100;3600550000000;9
B50;2025-23;3600551142197;D3899100;3600550000000;11
B50;2025-24;3600551142197;D3899100;3600550000000;7
B50;2025-22;3600551142210;D3899301;3600550000000;7
B50;2025-23;3600551142210;D3899301;3600550000000;28
B50;2025-22;3600551142227;D3899401;3600550000000;18
B50;2025-23;3600551142227;D3899401;3600550000000;27
B50;2025-24;3600551142227;D3899401;3600550000000;8
H00;2025-22;3054080063780;ZFR26373;A1796703;35
H00;2025-23;3054080063780;ZFR26373;A1796703;82
H00;2025-24;3054080063780;ZFR26373;A1796703;29
H00;2025-22;3600520756509;A2184230;A2184221;25
H00;2025-23;3600520756509;A2184230;A2184221;38
H00;2025-22;3600522105992;A7480315;A6150801;54
H00;2025-23;3600522105992;A7480315;A6150801;51
H00;2025-24;3600522105992;A7480315;A6150801;41
H00;2025-22;3600523755721;ZFR36801;A9892202;13
H00;2025-23;3600523755721;ZFR36801;A9892202;16
H00;2025-24;3600523755721;ZFR36801;A9892202;8
H00;2025-22;3600524098568;AA638200;3600520000000;18
H00;2025-23;3600524098568;AA638200;3600520000000;61
H00;2025-24;3600524098568;AA638200;3600520000000;17
H00;2025-22;3600524098681;AA639400;3600520000000;11
H00;2025-23;3600524098681;AA639400;3600520000000;8
H00;2025-22;3600524098698;AA639500;3600520000000;1
H00;2025-23;3600524098698;AA639500;3600520000000;16
H00;2025-24;3600524098698;AA639500;3600520000000;1
H00;2025-22;3600524102982;AA654800;3600520000000;14
H00;2025-23;3600524102982;AA654800;3600520000000;23
H00;2025-24;3600524102982;AA654800;3600520000000;10
H00;2025-23;3600524143619;AA831200;3600520000000;51
H00;2025-24;3600524143619;AA831200;3600520000000;22
H00;2025-22;3600542120487;C5986403;C5986400;13
H00;2025-23;3600542120487;C5986403;C5986400;43
H00;2025-24;3600542120487;C5986403;C5986400;19
H00;2025-22;3600542298407;XFR26621;C6363200;11
H00;2025-23;3600542298407;XFR26621;C6363200;48
H00;2025-24;3600542298407;XFR26621;C6363200;10
H00;2025-22;3600542383523;C6482802;3600540000000;45
H00;2025-23;3600542383523;C6482802;3600540000000;77
H00;2025-24;3600542383523;C6482802;3600540000000;25
H00;2025-23;3600542417846;XFR25148;C6584100;1
H00;2025-24;3600542417846;XFR25148;C6584100;3
H00;2025-22;3600542441643;C6644301;C6644300;1
H00;2025-23;3600542441643;C6644301;C6644300;16
H00;2025-24;3600542441643;C6644301;C6644300;4
H00;2025-22;3600542444224;C6660702;C6660700;8
H00;2025-23;3600542444224;C6660702;C6660700;13
H00;2025-22;3600542450645;XFR26611;XFR25385;7
H00;2025-23;3600542450645;XFR26611;XFR25385;26
H00;2025-24;3600542450645;XFR26611;XFR25385;9
H00;2025-22;3600542453516;XFR26612;XFR25847;7
H00;2025-23;3600542453516;XFR26612;XFR25847;29
H00;2025-24;3600542453516;XFR26612;XFR25847;10
H00;2025-22;3600542453769;XFR25867;XFR25849;2
H00;2025-23;3600542453769;XFR25867;XFR25849;6
H00;2025-24;3600542453769;XFR25867;XFR25849;3
H00;2025-22;3600550041347;D0980407;D0980400;3
H00;2025-23;3600550041347;D0980407;D0980400;3
H00;2025-24;3600550041347;D0980407;D0980400;4
H00;2025-24;3600550817584;D0790622;D0790619;13
H00;2025-22;3600551067353;WFR28693;3600550000000;11
H00;2025-23;3600551067353;WFR28693;3600550000000;30
H00;2025-24;3600551067353;WFR28693;3600550000000;15
H00;2025-22;3600551068459;WFR28691;D3782001;27
H00;2025-23;3600551068459;WFR28691;D3782001;50
H00;2025-22;3600551119854;D3844700;3600550000000;4
H00;2025-23;3600551119854;D3844700;3600550000000;18
H00;2025-24;3600551119854;D3844700;3600550000000;10
H00;2025-22;3600551125336;WFR28694;WFR28141;9
H00;2025-23;3600551125336;WFR28694;WFR28141;20
H00;2025-24;3600551125336;WFR28694;WFR28141;9
I20;2025-22;3054080063780;ZFR26373;A1796703;24
I20;2025-23;3054080063780;ZFR26373;A1796703;46
I20;2025-24;3054080063780;ZFR26373;A1796703;27
I20;2025-24;3600520756509;A2184230;A2184221;2
I20;2025-22;3600522105992;A7480315;A6150801;14
I20;2025-23;3600522105992;A7480315;A6150801;28
I20;2025-24;3600522105992;A7480315;A6150801;4
I20;2025-22;3600523755721;ZFR36801;A9892202;4
I20;2025-23;3600523755721;ZFR36801;A9892202;6
I20;2025-24;3600523755721;ZFR36801;A9892202;10
I20;2025-22;3600524098568;AA638200;3600520000000;10
I20;2025-23;3600524098568;AA638200;3600520000000;21
I20;2025-24;3600524098568;AA638200;3600520000000;14
I20;2025-23;3600524098681;AA639400;3600520000000;5
I20;2025-24;3600524098681;AA639400;3600520000000;1
I20;2025-22;3600524102982;AA654800;3600520000000;3
I20;2025-23;3600524102982;AA654800;3600520000000;8
I20;2025-24;3600524102982;AA654800;3600520000000;1
I20;2025-22;3600541426078;XFR26602;C5341801;1
I20;2025-23;3600541426078;XFR26602;C5341801;3
I20;2025-24;3600541426078;XFR26602;C5341801;1
I20;2025-22;3600542120487;C5986403;C5986400;3
I20;2025-24;3600542120487;C5986403;C5986400;4
I20;2025-22;3600542298407;XFR26621;C6363200;14
I20;2025-23;3600542298407;XFR26621;C6363200;17
I20;2025-24;3600542298407;XFR26621;C6363200;12
I20;2025-22;3600542383523;C6482802;3600540000000;10
I20;2025-23;3600542383523;C6482802;3600540000000;10
I20;2025-24;3600542383523;C6482802;3600540000000;4
I20;2025-22;3600542441643;C6644301;C6644300;4
I20;2025-23;3600542441643;C6644301;C6644300;15
I20;2025-24;3600542441643;C6644301;C6644300;1
I20;2025-22;3600542444224;C6660702;C6660700;3
I20;2025-23;3600542444224;C6660702;C6660700;2
I20;2025-22;3600542453516;XFR26612;XFR25847;2
I20;2025-23;3600542453516;XFR26612;XFR25847;2
I20;2025-24;3600542453516;XFR26612;XFR25847;2
I20;2025-22;3600550041347;D0980407;D0980400;2
I20;2025-23;3600550041347;D0980407;D0980400;4
I20;2025-24;3600550041347;D0980407;D0980400;1
I20;2025-24;3600550817584;D0790622;D0790619;6
I20;2025-22;3600551067353;WFR28693;3600550000000;4
I20;2025-23;3600551067353;WFR28693;3600550000000;5
I20;2025-22;3600551068459;WFR28691;D3782001;6
I20;2025-23;3600551068459;WFR28691;D3782001;17
I20;2025-24;3600551068459;WFR28691;D3782001;7
I20;2025-24;3600551119854;D3844700;3600550000000;3
I20;2025-22;3600551125336;WFR28694;WFR28141;1
I20;2025-23;3600551125336;WFR28694;WFR28141;2
I20;2025-24;3600551125336;WFR28694;WFR28141;5
I20;2025-23;3600551142227;D3899401;3600550000000;4
I20;2025-24;3600551142227;D3899401;3600550000000;7
I50;2025-22;3054080063780;ZFR26373;A1796703;55
I50;2025-23;3054080063780;ZFR26373;A1796703;57
I50;2025-24;3054080063780;ZFR26373;A1796703;26
I50;2025-22;3600522105992;A7480315;A6150801;41
I50;2025-23;3600522105992;A7480315;A6150801;47
I50;2025-24;3600522105992;A7480315;A6150801;12
I50;2025-22;3600524098568;AA638200;3600520000000;26
I50;2025-23;3600524098568;AA638200;3600520000000;33
I50;2025-24;3600524098568;AA638200;3600520000000;11
I50;2025-22;3600524143619;AA831200;3600520000000;24
I50;2025-23;3600524143619;AA831200;3600520000000;41
I50;2025-24;3600524143619;AA831200;3600520000000;15
I50;2025-22;3600542120487;C5986403;C5986400;19
I50;2025-23;3600542120487;C5986403;C5986400;40
I50;2025-24;3600542120487;C5986403;C5986400;11
I50;2025-22;3600542298407;XFR26621;C6363200;35
I50;2025-23;3600542298407;XFR26621;C6363200;50
I50;2025-24;3600542298407;XFR26621;C6363200;13
I50;2025-23;3600542383523;C6482802;3600540000000;11
I50;2025-24;3600542383523;C6482802;3600540000000;4
I50;2025-22;3600542450645;XFR26611;XFR25385;7
I50;2025-23;3600542450645;XFR26611;XFR25385;9
I50;2025-24;3600542450645;XFR26611;XFR25385;6
I50;2025-22;3600542453516;XFR26612;XFR25847;3
I50;2025-23;3600542453516;XFR26612;XFR25847;4
I50;2025-24;3600542453516;XFR26612;XFR25847;4
I50;2025-22;3600550041347;D0980407;D0980400;4
I50;2025-23;3600550041347;D0980407;D0980400;2
I50;2025-24;3600550041347;D0980407;D0980400;2
I50;2025-22;3600550817584;D0790622;D0790619;13
I50;2025-23;3600550817584;D0790622;D0790619;23
I50;2025-24;3600550817584;D0790622;D0790619;2
I50;2025-22;3600551068459;WFR28691;D3782001;21
I50;2025-23;3600551068459;WFR28691;D3782001;38
I50;2025-24;3600551068459;WFR28691;D3782001;13
I50;2025-22;3600551119854;D3844700;3600550000000;24
I50;2025-23;3600551119854;D3844700;3600550000000;13
I50;2025-24;3600551119854;D3844700;3600550000000;4
I50;2025-22;3600551125336;WFR28694;WFR28141;3
I50;2025-23;3600551125336;WFR28694;WFR28141;4
I50;2025-24;3600551125336;WFR28694;WFR28141;3
Z90;2025-22;3054080063780;ZFR26373;A1796703;19
Z90;2025-23;3054080063780;ZFR26373;A1796703;50
Z90;2025-24;3054080063780;ZFR26373;A1796703;25
Z90;2025-22;3600520756509;A2184230;A2184221;12
Z90;2025-23;3600520756509;A2184230;A2184221;26
Z90;2025-24;3600520756509;A2184230;A2184221;7
Z90;2025-22;3600522105992;A7480315;A6150801;7
Z90;2025-23;3600522105992;A7480315;A6150801;65
Z90;2025-24;3600522105992;A7480315;A6150801;30
Z90;2025-23;3600523755721;ZFR36801;A9892202;5
Z90;2025-24;3600523755721;ZFR36801;A9892202;1
Z90;2025-22;3600524098568;AA638200;3600520000000;1
Z90;2025-23;3600524098568;AA638200;3600520000000;26
Z90;2025-24;3600524098568;AA638200;3600520000000;11
Z90;2025-22;3600524098681;AA639400;3600520000000;10
Z90;2025-23;3600524098681;AA639400;3600520000000;23
Z90;2025-24;3600524098681;AA639400;3600520000000;8
Z90;2025-22;3600524102982;AA654800;3600520000000;2
Z90;2025-23;3600524102982;AA654800;3600520000000;13
Z90;2025-24;3600524102982;AA654800;3600520000000;4
Z90;2025-23;3600524143619;AA831200;3600520000000;13
Z90;2025-23;3600541426078;XFR26602;C5341801;4
Z90;2025-22;3600542120487;C5986403;C5986400;10
Z90;2025-23;3600542120487;C5986403;C5986400;20
Z90;2025-24;3600542120487;C5986403;C5986400;14
Z90;2025-22;3600542298407;XFR26621;C6363200;7
Z90;2025-23;3600542298407;XFR26621;C6363200;21
Z90;2025-24;3600542298407;XFR26621;C6363200;9
Z90;2025-22;3600542383523;C6482802;3600540000000;8
Z90;2025-23;3600542383523;C6482802;3600540000000;26
Z90;2025-24;3600542383523;C6482802;3600540000000;8
Z90;2025-22;3600542417846;XFR25148;C6584100;1
Z90;2025-23;3600542417846;XFR25148;C6584100;10
Z90;2025-24;3600542417846;XFR25148;C6584100;1
Z90;2025-23;3600542444224;C6660702;C6660700;1
Z90;2025-24;3600542444224;C6660702;C6660700;2
Z90;2025-22;3600542450645;XFR26611;XFR25385;1
Z90;2025-23;3600542450645;XFR26611;XFR25385;15
Z90;2025-22;3600542453516;XFR26612;XFR25847;4
Z90;2025-24;3600542453516;XFR26612;XFR25847;1
Z90;2025-22;3600542453769;XFR25867;XFR25849;3
Z90;2025-23;3600542453769;XFR25867;XFR25849;16
Z90;2025-24;3600542453769;XFR25867;XFR25849;2
Z90;2025-22;3600550041347;D0980407;D0980400;1
Z90;2025-23;3600550041347;D0980407;D0980400;5
Z90;2025-24;3600550041347;D0980407;D0980400;1
Z90;2025-24;3600550817584;D0790622;D0790619;16
Z90;2025-23;3600551067353;WFR28693;3600550000000;9
Z90;2025-24;3600551067353;WFR28693;3600550000000;4
Z90;2025-22;3600551068459;WFR28691;D3782001;15
Z90;2025-23;3600551068459;WFR28691;D3782001;26
Z90;2025-24;3600551068459;WFR28691;D3782001;4
Z90;2025-24;3600551119854;D3844700;3600550000000;2
Z90;2025-22;3600551125336;WFR28694;WFR28141;9
Z90;2025-23;3600551125336;WFR28694;WFR28141;12
Z90;2025-24;3600551125336;WFR28694;WFR28141;4
Z90;2025-22;3600551142227;D3899401;3600550000000;11
Z90;2025-23;3600551142227;D3899401;3600550000000;28
Z90;2025-24;3600551142227;D3899401;3600550000000;9
