ean_product;division;subaxis;year_month;monthly_sellin;best_month_sellin;total_sellin_12m;ranking
3600524098568;CPD;Hair Care;2024-06;166678;430138;1840580;99
3600524098568;CPD;Hair Care;2024-07;406655;430138;1840580;99
3600524098568;CPD;Hair Care;2024-08;430138;430138;1840580;99
3600524098568;CPD;Hair Care;2024-09;396076;430138;1840580;99
3600524098568;CPD;Hair Care;2024-10;398229;430138;1840580;99
3600524098568;CPD;Hair Care;2024-11;15096;430138;1840580;99
3600524098568;CPD;Hair Care;2024-12;8952;430138;1840580;99
3600524098568;CPD;Hair Care;2025-03;18756;430138;1840580;99
3600524098698;CPD;Hair Care;2024-06;39204;471605;1709163;99
3600524098698;CPD;Hair Care;2024-07;471605;471605;1709163;99
3600524098698;CPD;Hair Care;2024-08;445322;471605;1709163;99
3600524098698;CPD;Hair Care;2024-09;334416;471605;1709163;99
3600524098698;CPD;Hair Care;2024-10;300489;471605;1709163;99
3600524098698;CPD;Hair Care;2024-11;116148;471605;1709163;99
3600524098698;CPD;Hair Care;2025-02;24;471605;1709163;99
3600524098698;CPD;Hair Care;2025-03;960;471605;1709163;99
3600524098698;CPD;Hair Care;2025-04;15;471605;1709163;99
3600524098698;CPD;Hair Care;2025-05;980;471605;1709163;99
3600542383523;CPD;Face Care;2024-06;12880;362651;2450920;99
3600542383523;CPD;Face Care;2024-07;336454;362651;2450920;99
3600542383523;CPD;Face Care;2024-08;47752;362651;2450920;99
3600542383523;CPD;Face Care;2024-09;362651;362651;2450920;99
3600542383523;CPD;Face Care;2024-10;333803;362651;2450920;99
3600542383523;CPD;Face Care;2024-11;335760;362651;2450920;99
3600542383523;CPD;Face Care;2024-12;225760;362651;2450920;99
3600542383523;CPD;Face Care;2025-01;182340;362651;2450920;99
3600542383523;CPD;Face Care;2025-02;251160;362651;2450920;99
3600542383523;CPD;Face Care;2025-03;224940;362651;2450920;99
3600542383523;CPD;Face Care;2025-04;135580;362651;2450920;99
3600542383523;CPD;Face Care;2025-05;1840;362651;2450920;99
3600551053752;CPD;Bath & Shower;2024-06;28261;355689;1342084;99
3600551053752;CPD;Bath & Shower;2024-07;355689;355689;1342084;99
3600551053752;CPD;Bath & Shower;2024-08;334283;355689;1342084;99
3600551053752;CPD;Bath & Shower;2024-09;247464;355689;1342084;99
3600551053752;CPD;Bath & Shower;2024-10;316925;355689;1342084;99
3600551053752;CPD;Bath & Shower;2024-11;2892;355689;1342084;99
3600551053752;CPD;Bath & Shower;2024-12;1260;355689;1342084;99
3600551053752;CPD;Bath & Shower;2025-01;3528;355689;1342084;99
3600551053752;CPD;Bath & Shower;2025-02;4214;355689;1342084;99
3600551053752;CPD;Bath & Shower;2025-03;11052;355689;1342084;99
3600551053752;CPD;Bath & Shower;2025-04;36492;355689;1342084;99
3600551053752;CPD;Bath & Shower;2025-05;24;355689;1342084;99
3600551142128;CPD;Hair Care;2024-06;26352;531312;3548126;99
3600551142128;CPD;Hair Care;2024-07;531312;531312;3548126;99
3600551142128;CPD;Hair Care;2024-08;337019;531312;3548126;99
3600551142128;CPD;Hair Care;2024-09;523295;531312;3548126;99
3600551142128;CPD;Hair Care;2024-10;426412;531312;3548126;99
3600551142128;CPD;Hair Care;2024-11;196020;531312;3548126;99
3600551142128;CPD;Hair Care;2024-12;322176;531312;3548126;99
3600551142128;CPD;Hair Care;2025-01;306948;531312;3548126;99
3600551142128;CPD;Hair Care;2025-02;438756;531312;3548126;99
3600551142128;CPD;Hair Care;2025-03;325200;531312;3548126;99
3600551142128;CPD;Hair Care;2025-04;106668;531312;3548126;99
3600551142128;CPD;Hair Care;2025-05;7968;531312;3548126;99
3600551142227;CPD;Hair Care;2024-06;53940;363792;1607645;99
3600551142227;CPD;Hair Care;2024-07;110034;363792;1607645;99
3600551142227;CPD;Hair Care;2024-08;186591;363792;1607645;99
3600551142227;CPD;Hair Care;2024-09;363792;363792;1607645;99
3600551142227;CPD;Hair Care;2024-10;167156;363792;1607645;99
3600551142227;CPD;Hair Care;2024-11;268728;363792;1607645;99
3600551142227;CPD;Hair Care;2024-12;111432;363792;1607645;99
3600551142227;CPD;Hair Care;2025-01;59040;363792;1607645;99
3600551142227;CPD;Hair Care;2025-02;147516;363792;1607645;99
3600551142227;CPD;Hair Care;2025-03;62496;363792;1607645;99
3600551142227;CPD;Hair Care;2025-04;60528;363792;1607645;99
3600551142227;CPD;Hair Care;2025-05;16392;363792;1607645;99
3600550817584;CPD;Hair Care;2024-06;37801;229010;1108260;98
3600550817584;CPD;Hair Care;2024-07;190697;229010;1108260;98
3600550817584;CPD;Hair Care;2024-08;189442;229010;1108260;98
3600550817584;CPD;Hair Care;2024-09;198282;229010;1108260;98
3600550817584;CPD;Hair Care;2024-10;229010;229010;1108260;98
3600550817584;CPD;Hair Care;2024-11;30900;229010;1108260;98
3600550817584;CPD;Hair Care;2024-12;672;229010;1108260;98
3600550817584;CPD;Hair Care;2025-01;112524;229010;1108260;98
3600550817584;CPD;Hair Care;2025-02;44088;229010;1108260;98
3600550817584;CPD;Hair Care;2025-03;47220;229010;1108260;98
3600550817584;CPD;Hair Care;2025-04;26976;229010;1108260;98
3600550817584;CPD;Hair Care;2025-05;648;229010;1108260;98
3600551053738;CPD;Bath & Shower;2024-06;25679;224692;966293;98
3600551053738;CPD;Bath & Shower;2024-07;224692;224692;966293;98
3600551053738;CPD;Bath & Shower;2024-08;217269;224692;966293;98
3600551053738;CPD;Bath & Shower;2024-09;153972;224692;966293;98
3600551053738;CPD;Bath & Shower;2024-10;205043;224692;966293;98
3600551053738;CPD;Bath & Shower;2024-11;11256;224692;966293;98
3600551053738;CPD;Bath & Shower;2024-12;7512;224692;966293;98
3600551053738;CPD;Bath & Shower;2025-01;26856;224692;966293;98
3600551053738;CPD;Bath & Shower;2025-02;12546;224692;966293;98
3600551053738;CPD;Bath & Shower;2025-03;25164;224692;966293;98
3600551053738;CPD;Bath & Shower;2025-04;46908;224692;966293;98
3600551053738;CPD;Bath & Shower;2025-05;9396;224692;966293;98
3600551053745;CPD;Bath & Shower;2024-06;33295;302850;1312630;98
3600551053745;CPD;Bath & Shower;2024-07;289908;302850;1312630;98
3600551053745;CPD;Bath & Shower;2024-08;302850;302850;1312630;98
3600551053745;CPD;Bath & Shower;2024-09;226238;302850;1312630;98
3600551053745;CPD;Bath & Shower;2024-10;266092;302850;1312630;98
3600551053745;CPD;Bath & Shower;2024-11;14112;302850;1312630;98
3600551053745;CPD;Bath & Shower;2024-12;10824;302850;1312630;98
3600551053745;CPD;Bath & Shower;2025-01;35784;302850;1312630;98
3600551053745;CPD;Bath & Shower;2025-02;16730;302850;1312630;98
3600551053745;CPD;Bath & Shower;2025-03;26448;302850;1312630;98
3600551053745;CPD;Bath & Shower;2025-04;63792;302850;1312630;98
3600551053745;CPD;Bath & Shower;2025-05;24756;302850;1312630;98
3600551053745;CPD;Bath & Shower;2025-06;1801;302850;1312630;98
3600551142197;CPD;Hair Care;2024-06;84792;297460;1992772;98
3600551142197;CPD;Hair Care;2024-07;250659;297460;1992772;98
3600551142197;CPD;Hair Care;2024-08;243616;297460;1992772;98
3600551142197;CPD;Hair Care;2024-09;249121;297460;1992772;98
3600551142197;CPD;Hair Care;2024-10;297460;297460;1992772;98
3600551142197;CPD;Hair Care;2024-11;146016;297460;1992772;98
3600551142197;CPD;Hair Care;2024-12;215592;297460;1992772;98
3600551142197;CPD;Hair Care;2025-01;165720;297460;1992772;98
3600551142197;CPD;Hair Care;2025-02;245512;297460;1992772;98
3600551142197;CPD;Hair Care;2025-03;47076;297460;1992772;98
3600551142197;CPD;Hair Care;2025-04;34056;297460;1992772;98
3600551142197;CPD;Hair Care;2025-05;13152;297460;1992772;98
3600551142210;CPD;Hair Care;2024-06;67008;251599;1669675;98
3600551142210;CPD;Hair Care;2024-07;137166;251599;1669675;98
3600551142210;CPD;Hair Care;2024-08;251599;251599;1669675;98
3600551142210;CPD;Hair Care;2024-09;218852;251599;1669675;98
3600551142210;CPD;Hair Care;2024-10;191206;251599;1669675;98
3600551142210;CPD;Hair Care;2024-11;36588;251599;1669675;98
3600551142210;CPD;Hair Care;2024-12;207312;251599;1669675;98
3600551142210;CPD;Hair Care;2025-01;241356;251599;1669675;98
3600551142210;CPD;Hair Care;2025-02;195540;251599;1669675;98
3600551142210;CPD;Hair Care;2025-03;69984;251599;1669675;98
3600551142210;CPD;Hair Care;2025-04;43320;251599;1669675;98
3600551142210;CPD;Hair Care;2025-05;9744;251599;1669675;98
3600524102982;CPD;Hair Care;2024-06;23460;181860;666072;97
3600524102982;CPD;Hair Care;2024-07;181860;181860;666072;97
3600524102982;CPD;Hair Care;2024-08;150696;181860;666072;97
3600524102982;CPD;Hair Care;2024-09;117708;181860;666072;97
3600524102982;CPD;Hair Care;2024-10;126012;181860;666072;97
3600524102982;CPD;Hair Care;2024-11;66336;181860;666072;97
3600551053677;CPD;Bath & Shower;2024-06;15050;127168;534119;95
3600551053677;CPD;Bath & Shower;2024-07;106966;127168;534119;95
3600551053677;CPD;Bath & Shower;2024-08;89562;127168;534119;95
3600551053677;CPD;Bath & Shower;2024-09;127168;127168;534119;95
3600551053677;CPD;Bath & Shower;2024-10;116389;127168;534119;95
3600551053677;CPD;Bath & Shower;2024-11;5184;127168;534119;95
3600551053677;CPD;Bath & Shower;2024-12;7032;127168;534119;95
3600551053677;CPD;Bath & Shower;2025-01;16668;127168;534119;95
3600551053677;CPD;Bath & Shower;2025-02;6048;127168;534119;95
3600551053677;CPD;Bath & Shower;2025-03;21600;127168;534119;95
3600551053677;CPD;Bath & Shower;2025-04;16692;127168;534119;95
3600551053677;CPD;Bath & Shower;2025-05;5760;127168;534119;95
3600551053769;CPD;Bath & Shower;2024-06;13836;110100;496532;94
3600551053769;CPD;Bath & Shower;2024-07;101348;110100;496532;94
3600551053769;CPD;Bath & Shower;2024-08;100572;110100;496532;94
3600551053769;CPD;Bath & Shower;2024-09;110100;110100;496532;94
3600551053769;CPD;Bath & Shower;2024-10;81972;110100;496532;94
3600551053769;CPD;Bath & Shower;2024-11;8196;110100;496532;94
3600551053769;CPD;Bath & Shower;2024-12;4068;110100;496532;94
3600551053769;CPD;Bath & Shower;2025-01;25848;110100;496532;94
3600551053769;CPD;Bath & Shower;2025-02;13092;110100;496532;94
3600551053769;CPD;Bath & Shower;2025-03;20436;110100;496532;94
3600551053769;CPD;Bath & Shower;2025-04;13788;110100;496532;94
3600551053769;CPD;Bath & Shower;2025-05;3276;110100;496532;94
3600551055015;CPD;Bath & Shower;2024-06;16476;108303;496892;94
3600551055015;CPD;Bath & Shower;2024-07;83918;108303;496892;94
3600551055015;CPD;Bath & Shower;2024-08;105276;108303;496892;94
3600551055015;CPD;Bath & Shower;2024-09;108303;108303;496892;94
3600551055015;CPD;Bath & Shower;2024-10;100059;108303;496892;94
3600551055015;CPD;Bath & Shower;2024-11;4116;108303;496892;94
3600551055015;CPD;Bath & Shower;2024-12;3720;108303;496892;94
3600551055015;CPD;Bath & Shower;2025-01;18912;108303;496892;94
3600551055015;CPD;Bath & Shower;2025-02;9072;108303;496892;94
3600551055015;CPD;Bath & Shower;2025-03;29964;108303;496892;94
3600551055015;CPD;Bath & Shower;2025-04;12996;108303;496892;94
3600551055015;CPD;Bath & Shower;2025-05;4080;108303;496892;94
3054080063780;CPD;Face Cleansing;2024-06;11736;64553;231325;91
3054080063780;CPD;Face Cleansing;2024-07;64553;64553;231325;91
3054080063780;CPD;Face Cleansing;2024-08;40407;64553;231325;91
3054080063780;CPD;Face Cleansing;2024-09;60981;64553;231325;91
3054080063780;CPD;Face Cleansing;2024-10;42748;64553;231325;91
3054080063780;CPD;Face Cleansing;2024-11;924;64553;231325;91
3054080063780;CPD;Face Cleansing;2024-12;772;64553;231325;91
3054080063780;CPD;Face Cleansing;2025-01;3678;64553;231325;91
3054080063780;CPD;Face Cleansing;2025-02;1776;64553;231325;91
3054080063780;CPD;Face Cleansing;2025-03;900;64553;231325;91
3054080063780;CPD;Face Cleansing;2025-04;2316;64553;231325;91
3054080063780;CPD;Face Cleansing;2025-05;534;64553;231325;91
3600524098681;CPD;Hair Care;2024-06;5290;71491;183824;91
3600524098681;CPD;Hair Care;2024-07;17302;71491;183824;91
3600524098681;CPD;Hair Care;2024-08;71491;71491;183824;91
3600524098681;CPD;Hair Care;2024-09;19371;71491;183824;91
3600524098681;CPD;Hair Care;2024-10;70370;71491;183824;91
3600551071183;CPD;Bath & Shower;2024-06;24192;68040;260064;91
3600551071183;CPD;Bath & Shower;2024-07;61992;68040;260064;91
3600551071183;CPD;Bath & Shower;2024-08;68040;68040;260064;91
3600551071183;CPD;Bath & Shower;2024-09;54432;68040;260064;91
3600551071183;CPD;Bath & Shower;2024-10;51408;68040;260064;91
3600551102993;CPD;Hair Care;2024-06;519;65162;251195;91
3600551102993;CPD;Hair Care;2024-07;50016;65162;251195;91
3600551102993;CPD;Hair Care;2024-08;39284;65162;251195;91
3600551102993;CPD;Hair Care;2024-09;16618;65162;251195;91
3600551102993;CPD;Hair Care;2024-10;65162;65162;251195;91
3600551102993;CPD;Hair Care;2024-11;2472;65162;251195;91
3600551102993;CPD;Hair Care;2024-12;6696;65162;251195;91
3600551102993;CPD;Hair Care;2025-01;984;65162;251195;91
3600551102993;CPD;Hair Care;2025-02;52824;65162;251195;91
3600551102993;CPD;Hair Care;2025-03;11484;65162;251195;91
3600551102993;CPD;Hair Care;2025-04;5136;65162;251195;91
3600551053806;CPD;Bath & Shower;2024-06;10777;59895;272786;90
3600551053806;CPD;Bath & Shower;2024-07;45045;59895;272786;90
3600551053806;CPD;Bath & Shower;2024-08;53616;59895;272786;90
3600551053806;CPD;Bath & Shower;2024-09;59895;59895;272786;90
3600551053806;CPD;Bath & Shower;2024-10;53077;59895;272786;90
3600551053806;CPD;Bath & Shower;2024-11;4632;59895;272786;90
3600551053806;CPD;Bath & Shower;2024-12;4524;59895;272786;90
3600551053806;CPD;Bath & Shower;2025-01;9876;59895;272786;90
3600551053806;CPD;Bath & Shower;2025-02;5784;59895;272786;90
3600551053806;CPD;Bath & Shower;2025-03;12936;59895;272786;90
3600551053806;CPD;Bath & Shower;2025-04;9492;59895;272786;90
3600551053806;CPD;Bath & Shower;2025-05;3132;59895;272786;90
3600551119854;CPD;Hair Care;2024-06;4181;58569;142073;90
3600551119854;CPD;Hair Care;2024-07;31414;58569;142073;90
3600551119854;CPD;Hair Care;2024-08;39061;58569;142073;90
3600551119854;CPD;Hair Care;2024-09;58569;58569;142073;90
3600551119854;CPD;Hair Care;2024-10;8848;58569;142073;90
3600551069548;CPD;Bath & Shower;2024-06;6012;50777;247481;89
3600551069548;CPD;Bath & Shower;2024-07;50777;50777;247481;89
3600551069548;CPD;Bath & Shower;2024-08;50136;50777;247481;89
3600551069548;CPD;Bath & Shower;2024-09;47712;50777;247481;89
3600551069548;CPD;Bath & Shower;2024-10;41988;50777;247481;89
3600551069548;CPD;Bath & Shower;2024-11;4896;50777;247481;89
3600551069548;CPD;Bath & Shower;2024-12;696;50777;247481;89
3600551069548;CPD;Bath & Shower;2025-01;5796;50777;247481;89
3600551069548;CPD;Bath & Shower;2025-02;7128;50777;247481;89
3600551069548;CPD;Bath & Shower;2025-03;12312;50777;247481;89
3600551069548;CPD;Bath & Shower;2025-04;12576;50777;247481;89
3600551069548;CPD;Bath & Shower;2025-05;7452;50777;247481;89
3600524143619;CPD;Hair Care;2024-06;9288;48132;108480;88
3600524143619;CPD;Hair Care;2024-07;13086;48132;108480;88
3600524143619;CPD;Hair Care;2024-08;24516;48132;108480;88
3600524143619;CPD;Hair Care;2024-09;48132;48132;108480;88
3600524143619;CPD;Hair Care;2024-10;13386;48132;108480;88
3600524143619;CPD;Hair Care;2025-06;72;48132;108480;88
3600542298407;CPD;Sun Care;2024-06;2542;44742;68529;87
3600542298407;CPD;Sun Care;2024-07;5041;44742;68529;87
3600542298407;CPD;Sun Care;2024-08;9233;44742;68529;87
3600542298407;CPD;Sun Care;2024-09;-6683;44742;68529;87
3600542298407;CPD;Sun Care;2024-10;-34436;44742;68529;87
3600542298407;CPD;Sun Care;2024-11;1440;44742;68529;87
3600542298407;CPD;Sun Care;2024-12;2880;44742;68529;87
3600542298407;CPD;Sun Care;2025-01;11508;44742;68529;87
3600542298407;CPD;Sun Care;2025-02;44742;44742;68529;87
3600542298407;CPD;Sun Care;2025-03;28614;44742;68529;87
3600542298407;CPD;Sun Care;2025-04;2880;44742;68529;87
3600542298407;CPD;Sun Care;2025-05;768;44742;68529;87
3600542453769;CPD;Sun Care;2024-06;2415;41676;66325;87
3600542453769;CPD;Sun Care;2024-07;536;41676;66325;87
3600542453769;CPD;Sun Care;2024-08;2544;41676;66325;87
3600542453769;CPD;Sun Care;2024-09;-3785;41676;66325;87
3600542453769;CPD;Sun Care;2024-10;-27635;41676;66325;87
3600542453769;CPD;Sun Care;2025-01;41676;41676;66325;87
3600542453769;CPD;Sun Care;2025-02;7680;41676;66325;87
3600542453769;CPD;Sun Care;2025-03;33972;41676;66325;87
3600542453769;CPD;Sun Care;2025-04;8922;41676;66325;87
3600523755721;CPD;Hair Care;2024-06;528;31992;41614;84
3600523755721;CPD;Hair Care;2024-07;2212;31992;41614;84
3600523755721;CPD;Hair Care;2024-08;899;31992;41614;84
3600523755721;CPD;Hair Care;2024-09;31992;31992;41614;84
3600523755721;CPD;Hair Care;2024-10;223;31992;41614;84
3600523755721;CPD;Hair Care;2024-12;5760;31992;41614;84
3600542120487;CPD;Hair Care;2024-06;918;32801;205784;84
3600542120487;CPD;Hair Care;2024-07;18404;32801;205784;84
3600542120487;CPD;Hair Care;2024-08;30469;32801;205784;84
3600542120487;CPD;Hair Care;2024-09;32801;32801;205784;84
3600542120487;CPD;Hair Care;2024-10;16860;32801;205784;84
3600542120487;CPD;Hair Care;2024-11;10710;32801;205784;84
3600542120487;CPD;Hair Care;2024-12;7188;32801;205784;84
3600542120487;CPD;Hair Care;2025-01;17094;32801;205784;84
3600542120487;CPD;Hair Care;2025-02;15540;32801;205784;84
3600542120487;CPD;Hair Care;2025-03;19656;32801;205784;84
3600542120487;CPD;Hair Care;2025-04;28710;32801;205784;84
3600542120487;CPD;Hair Care;2025-05;7434;32801;205784;84
3600550041347;CPD;Hair Care;2024-06;12144;22468;78133;80
3600550041347;CPD;Hair Care;2024-07;10201;22468;78133;80
3600550041347;CPD;Hair Care;2024-08;18122;22468;78133;80
3600550041347;CPD;Hair Care;2024-09;15198;22468;78133;80
3600550041347;CPD;Hair Care;2024-10;22468;22468;78133;80
3600542441643;CPD;Hair Care;2024-06;1645;19739;58426;79
3600542441643;CPD;Hair Care;2024-07;19739;19739;58426;79
3600542441643;CPD;Hair Care;2024-08;16309;19739;58426;79
3600542441643;CPD;Hair Care;2024-09;9745;19739;58426;79
3600542441643;CPD;Hair Care;2024-10;10988;19739;58426;79
3600522105992;CPD;Hair Care;2024-06;1739;13625;54249;75
3600522105992;CPD;Hair Care;2024-07;10486;13625;54249;75
3600522105992;CPD;Hair Care;2024-08;12976;13625;54249;75
3600522105992;CPD;Hair Care;2024-09;13625;13625;54249;75
3600522105992;CPD;Hair Care;2024-10;12183;13625;54249;75
3600522105992;CPD;Hair Care;2024-11;3240;13625;54249;75
3600520756509;CPD;Hair Care;2024-07;3797;3797;6739;63
3600520756509;CPD;Hair Care;2024-08;1399;3797;6739;63
3600520756509;CPD;Hair Care;2024-09;856;3797;6739;63
3600520756509;CPD;Hair Care;2024-10;691;3797;6739;63
3600520756509;CPD;Hair Care;2024-11;-4;3797;6739;63
3600542450645;CPD;Sun Care;2024-06;924;2310;-26614;58
3600542450645;CPD;Sun Care;2024-07;1412;2310;-26614;58
3600542450645;CPD;Sun Care;2024-08;408;2310;-26614;58
3600542450645;CPD;Sun Care;2024-09;-5128;2310;-26614;58
3600542450645;CPD;Sun Care;2024-10;-29678;2310;-26614;58
3600542450645;CPD;Sun Care;2025-01;2160;2310;-26614;58
3600542450645;CPD;Sun Care;2025-02;2310;2310;-26614;58
3600542450645;CPD;Sun Care;2025-03;342;2310;-26614;58
3600542450645;CPD;Sun Care;2025-04;636;2310;-26614;58
3600541426078;CPD;Sun Care;2024-06;550;1542;-14051;54
3600541426078;CPD;Sun Care;2024-07;1542;1542;-14051;54
3600541426078;CPD;Sun Care;2024-08;379;1542;-14051;54
3600541426078;CPD;Sun Care;2024-09;-2708;1542;-14051;54
3600541426078;CPD;Sun Care;2024-10;-15206;1542;-14051;54
3600541426078;CPD;Sun Care;2024-11;180;1542;-14051;54
3600541426078;CPD;Sun Care;2025-01;732;1542;-14051;54
3600541426078;CPD;Sun Care;2025-02;48;1542;-14051;54
3600541426078;CPD;Sun Care;2025-03;192;1542;-14051;54
3600541426078;CPD;Sun Care;2025-04;240;1542;-14051;54
3600551067353;CPD;Sun Care;2024-06;312;1224;-6506;52
3600551067353;CPD;Sun Care;2024-07;1224;1224;-6506;52
3600551067353;CPD;Sun Care;2024-08;1116;1224;-6506;52
3600551067353;CPD;Sun Care;2024-09;-1370;1224;-6506;52
3600551067353;CPD;Sun Care;2024-10;-7932;1224;-6506;52
3600551067353;CPD;Sun Care;2024-11;144;1224;-6506;52
3600551068459;CPD;Sun Care;2024-06;190;689;-32897;48
3600551068459;CPD;Sun Care;2024-07;689;689;-32897;48
3600551068459;CPD;Sun Care;2024-08;203;689;-32897;48
3600551068459;CPD;Sun Care;2024-09;-5225;689;-32897;48
3600551068459;CPD;Sun Care;2024-10;-29138;689;-32897;48
3600551068459;CPD;Sun Care;2024-11;384;689;-32897;48
3600551125336;CPD;Sun Care;2024-06;240;637;-20524;47
3600551125336;CPD;Sun Care;2024-07;637;637;-20524;47
3600551125336;CPD;Sun Care;2024-08;220;637;-20524;47
3600551125336;CPD;Sun Care;2024-09;-3251;637;-20524;47
3600551125336;CPD;Sun Care;2024-10;-18650;637;-20524;47
3600551125336;CPD;Sun Care;2024-11;192;637;-20524;47
3600551125336;CPD;Sun Care;2025-02;88;637;-20524;47
3600542453516;CPD;Sun Care;2024-06;445;457;-42504;44
3600542453516;CPD;Sun Care;2024-07;457;457;-42504;44
3600542453516;CPD;Sun Care;2024-08;-23;457;-42504;44
3600542453516;CPD;Sun Care;2024-09;-6899;457;-42504;44
3600542453516;CPD;Sun Care;2024-10;-36484;457;-42504;44
3600542444224;CPD;Sun Care;2024-06;197;425;651;43
3600542444224;CPD;Sun Care;2024-07;425;425;651;43
3600542444224;CPD;Sun Care;2024-08;30;425;651;43
3600542444224;CPD;Sun Care;2024-09;-1;425;651;43
3600542417846;CPD;Hair Care;2024-07;60;60;122;30
3600542417846;CPD;Hair Care;2024-08;60;60;122;30
3600542417846;CPD;Hair Care;2024-09;2;60;122;30